ts,date,cumRuntimeMS,algTimeSinceLastMS,qLatencyMS,allVC,realVC,EC,,73,259,9479,6276,1710,864,2169,110,10312,69,425,611,1566,11297,1916,1002,975,6413,526,5079,1915,11956,2034,956,208,15,77041,652,20,1352,1918,388,1806,1920,3517,863,1594,24772,2008,78349,397,1923,1105,8707,7,4336,1753,205,17,984,5732,983,70,1924,111,51076,6903,4083,1936,1115,154942,1550,2266,179,1933,37976,2844,1934,57028,1932,84204,1931,490,1935,2312,1925,1846,5081,1930,4378,1917,68,3080,2734,435,1482,1929,1922,4104,2814,1926,1919,1164,1110,1928,2843,4364,1921,4148,2041,
2001-02-19T15:00:00-08:00,2001-02-19,5,7,3,28780,2,1,,,,,,,,,,,,,,,,,,,,,,,,,,,,,,,,,,,,,,,,,,,,,,,,,,,,,,,,,,,,,,,,,,,,,,,,,,,,,,,,,,,,,,,,,,,,,,,,,,,,,,
2001-03-07T15:00:00-08:00,2001-03-07,8,1,2,31252,75,113,,1,,,,,,,,,0,,,,,,,,,,,,,,,,1,,,0,,,,,,,,,,,,,,,,1,,,,0,,,,0,,,,,,,,,,,,,,,,,,,,,,,,,,,,,0,,,,,,,,,,,,,,,,,,,
2001-03-23T15:00:00-08:00,2001-03-23,11,1,2,38042,183,289,,1,,,,,,,0,,0,,,,,,,,,,,,,,,,1,,,0,,,,,,,,,,,,,,,,1,,,,0,,,,0,,0,,,,,,,,,0,,,,,,,,,,,,,,,,,,0,,,,,,,,,,,,,,,,,,,
2001-04-09T15:00:00-07:00,2001-04-09,13,1,3,45085,288,467,,1,0,,,,,,0,,0,,,,,,,,,,,,,,,1,1,,,0,,,,,,,,,,,,,,,,1,,,2,0,,,,0,,0,,,,,,,,,0,,,,,,,,,,,,,,,,,,0,,,,,,,,,,,,,,,,,,,
2001-04-25T15:00:00-07:00,2001-04-25,17,2,2,54818,394,641,,1,0,,,,,,0,,0,,,,,,,,,,,,,,,1,1,,,0,,,1,,,,,,,,,,,,,1,,,2,0,,,,0,,0,,,,,,,,,0,,,,,,,,,,,,,,,,,,0,,,,,,,,,,,,,,,,,,,
2001-05-11T15:00:00-07:00,2001-05-11,19,1,3,62789,472,767,,1,0,,,,,,0,,0,1,,,,,,,,,,,,,,1,1,,,0,,,1,,,,,,,,,2,,,,1,,,2,0,,,,0,,0,,,,,,,,,0,,,,,,,,,,,,,,,,,,0,,,1,,,,,,,,,,,,,,,,
2001-05-28T15:00:00-07:00,2001-05-28,23,4,5,83029,707,1177,,1,0,,,,,,0,,0,1,0,,,,,,,1,,,,,,1,1,,1,0,,,1,,,,,,,,,1,,,,1,,,2,0,,,,0,,0,,,,,,,,,0,,,,,,,,,0,,,,,,,,,0,,,1,,,,,,,,,,,,,,,,
2001-06-13T15:00:00-07:00,2001-06-13,28,0,1,83029,775,1317,,1,0,,,,,,0,,0,1,0,,,,,,,1,,,,,,1,1,,1,0,,,1,,,,,,,,,1,,,,1,,,2,0,,,,0,,0,,,,,,,,,0,,,,,,,,,0,,,,,,,,,0,,,1,,,,,,,,,,,,,,,,
2001-06-29T15:00:00-07:00,2001-06-29,30,25,25,88795,885,1499,,1,0,,,,0,,0,,0,1,0,,,,,,,1,,,,,,1,1,,1,0,,,1,,,,0,,,,,1,,,,1,,,2,0,,,,0,,0,,,,,,,,,0,,,,,,,,,0,,,,,,,,,0,,,1,,,,,,,,,,,,,,,,
2001-07-15T15:00:00-07:00,2001-07-15,56,0,0,88795,1053,1893,,3,0,,,,0,,0,,0,1,0,,,,0,0,,1,,,,,1,1,1,,1,0,,,1,,,,0,,,,,3,,,,1,,,2,0,0,,0,0,,0,,,,,,,,,0,,,,,,,,,0,,,,,,,,,0,,,1,,,,,,,,,,,,,,,,
2001-07-31T15:00:00-07:00,2001-07-31,56,0,0,89643,1328,2373,,3,0,,,,0,,0,,0,1,0,,,,0,0,,1,,,,,1,1,1,,1,0,,,1,,,,0,,,,,3,,0,,1,,,2,0,0,,0,0,,0,,,,,0,,,,0,,,,,,,,,0,,,,,,,,,0,,,1,,,,,,,,0,0,,,,,,,
2001-08-16T15:00:00-07:00,2001-08-16,57,0,0,89643,1622,2919,,3,0,,,,0,,0,,0,1,0,1,,,0,0,,3,,,,,1,1,1,,1,0,0,,1,,,,0,1,,,,3,,0,,1,,,2,0,0,,0,0,,0,,,,,0,,1,,0,,,,,,,,,0,,,,,,,,,0,,,1,1,,,,,,,0,0,,,,,,,
2001-09-01T15:00:00-07:00,2001-09-01,57,2,1,97981,1999,3637,,3,0,,,0,0,,0,,0,1,0,1,,0,0,0,,3,,0,,,1,1,1,,1,0,0,0,1,0,0,,0,1,,,,3,0,0,,1,,0,2,0,0,,0,0,0,0,,,,0,0,,1,,0,0,,,0,,0,,0,0,0,,0,1,,0,,0,0,,,1,1,0,0,,,0,0,0,0,0,,,0,,,
2001-09-17T15:00:00-07:00,2001-09-17,59,0,0,97981,2475,4629,,3,0,,,0,0,1,0,,0,1,0,3,,0,0,0,,2,,0,,1,1,1,1,,2,0,0,0,1,0,0,,0,1,,1,,3,0,0,,1,,0,2,0,0,,0,0,0,0,,,,0,0,,1,0,0,0,,,0,,0,,0,0,0,0,0,1,,0,,0,0,,,1,1,0,0,,,0,0,0,0,0,,,0,,0,
2001-10-03T15:00:00-07:00,2001-10-03,60,1,1,98829,3329,6373,,3,0,,,0,0,1,0,,0,1,3,3,,0,0,0,,2,,0,,1,1,3,1,,2,0,0,0,1,0,0,,0,1,,1,,3,0,0,,1,,0,2,0,0,,0,0,0,0,,,,0,0,,1,0,0,0,,0,0,,0,,0,0,0,0,0,1,,0,,0,0,0,0,1,1,0,0,,1,0,0,0,0,0,0,,0,,0,
2001-10-19T15:00:00-07:00,2001-10-19,62,0,0,98829,4187,10135,,3,0,,,0,0,1,0,,0,1,3,3,,0,0,0,,2,,0,,1,1,2,1,,2,0,0,0,1,0,0,0,0,1,,1,,3,0,0,,1,,0,1,0,0,,0,0,0,0,,,0,0,0,,1,0,0,0,,0,0,,0,,0,0,0,0,0,1,,0,,0,0,0,0,1,1,0,0,1,1,0,0,2,0,0,0,,0,0,0,
2001-11-04T15:00:00-08:00,2001-11-04,62,0,0,98829,4926,11887,,3,0,,,0,0,1,0,,0,1,3,3,,0,0,0,,2,,4,,1,1,2,3,,2,0,0,0,1,0,0,0,0,1,,1,,3,0,0,,1,0,0,1,0,0,,0,0,0,0,,,0,0,0,,1,0,0,0,,0,0,,0,,0,0,0,0,0,1,,0,1,0,0,0,0,1,1,0,0,1,1,3,0,2,0,0,0,0,0,0,0,
2001-11-20T15:00:00-08:00,2001-11-20,63,0,0,98829,5617,13989,,3,0,,,0,0,1,0,,0,5,3,3,,0,0,0,,4,0,4,,1,1,2,3,,2,0,0,0,1,0,0,0,0,3,,1,,3,0,0,,1,0,0,1,0,0,,0,0,0,0,,,0,0,0,,1,0,0,0,,0,0,,0,,0,0,0,0,0,2,0,0,1,0,0,0,0,1,1,0,0,1,1,3,0,2,0,0,0,0,0,0,0,
2001-12-06T15:00:00-08:00,2001-12-06,64,1,1,98829,6422,16259,,3,0,,1,0,0,1,0,,0,5,3,3,,0,0,0,0,4,0,4,,3,1,2,3,,4,0,0,0,1,0,0,0,0,3,,1,,3,0,0,,1,0,0,1,0,0,0,0,0,0,0,,,0,0,0,,1,0,0,0,,0,0,,0,,0,0,0,0,0,3,0,0,1,0,0,0,0,1,1,0,0,1,1,3,0,2,0,0,0,0,0,0,0,
2001-12-22T15:00:00-08:00,2001-12-22,65,1,1,98829,7076,17829,,3,0,,1,0,0,1,0,,0,5,3,3,,0,0,0,0,4,0,4,,3,1,2,3,,4,0,0,0,1,0,0,0,0,3,,1,,3,0,0,,1,0,0,1,0,0,0,0,0,0,0,,0,0,0,0,,1,0,0,0,,0,0,,0,,0,0,0,0,0,3,0,0,1,0,0,0,0,1,1,0,0,1,1,3,0,2,0,0,0,1,0,0,0,
2002-01-07T15:00:00-08:00,2002-01-07,67,0,0,98829,7533,19105,,3,0,,1,0,0,1,0,,0,5,3,3,,0,0,0,0,4,0,4,,3,1,2,3,,4,0,0,0,1,0,0,0,0,3,,1,,3,0,0,,1,0,0,1,0,0,0,0,0,0,0,,0,0,0,0,,1,0,0,0,,0,0,,0,,0,0,0,0,0,3,0,0,1,0,0,0,0,1,1,0,0,1,1,3,0,2,0,0,0,1,0,0,0,
2002-01-23T15:00:00-08:00,2002-01-23,67,0,0,98829,8275,22235,,3,0,,1,0,0,1,0,,0,5,3,3,,0,0,0,0,4,0,4,,3,1,2,3,,4,0,0,0,1,0,0,0,0,3,,1,,3,0,0,,3,0,0,1,0,0,0,0,0,0,0,,0,0,0,0,,1,0,0,0,,0,0,,0,,0,0,0,0,0,3,0,0,1,0,0,0,0,1,3,0,0,1,1,3,0,2,0,0,0,1,0,0,0,
2002-02-08T15:00:00-08:00,2002-02-08,69,3,2,98829,17012,63367,,9,0,0,0,6,7,7,7,0,3,5,7,3,0,0,9,6,4,7,5,5,0,6,3,4,3,,6,0,0,0,1,3,0,0,0,6,,8,,3,0,7,0,5,0,0,5,0,5,5,4,0,5,9,,4,0,7,6,,1,3,0,0,,0,0,,0,,0,2,7,0,0,4,0,0,3,0,0,4,0,1,3,0,3,1,3,3,0,2,7,3,5,4,0,0,0,
2002-02-24T15:00:00-08:00,2002-02-24,73,2,0,98829,22938,105677,,9,0,0,0,8,12,7,7,5,3,11,7,3,0,8,9,8,3,7,5,12,0,9,3,3,10,,6,0,4,8,1,8,0,0,0,6,,8,,7,10,7,0,4,0,7,8,0,5,3,4,0,3,9,,3,3,7,6,,7,3,0,3,,5,8,,8,,0,9,7,0,7,4,5,0,8,0,0,7,6,1,3,5,9,3,8,3,8,2,7,9,5,12,3,0,10,
2002-03-12T15:00:00-08:00,2002-03-12,154,81,3,174548,44272,297405,,9,11,5,0,8,12,11,7,1,7,14,7,12,3,8,9,8,3,13,9,11,4,9,9,3,7,,6,0,8,9,4,8,7,8,5,6,1,16,,7,8,7,0,4,14,7,8,0,12,11,4,0,12,9,,3,5,9,11,,7,8,7,3,0,12,3,,8,,0,11,7,8,7,11,8,7,8,0,0,10,10,1,9,5,9,8,8,3,8,7,15,9,8,9,13,10,10,
2002-03-28T15:00:00-08:00,2002-03-28,169,13,3,180188,47003,319785,,9,11,5,6,8,12,11,7,1,7,14,7,12,3,8,9,8,3,13,9,11,0,16,9,3,7,,6,0,8,9,4,8,7,8,5,6,1,16,,7,8,7,0,4,14,7,8,0,12,11,4,0,12,9,,3,7,13,11,,7,8,7,9,0,12,8,,8,,0,11,7,8,7,11,8,7,8,9,0,10,10,1,9,5,15,8,8,3,8,7,15,9,8,9,13,10,10,
2002-04-14T15:00:00-07:00,2002-04-14,174,2,1,180188,49533,344241,,9,11,5,6,8,12,11,7,5,7,14,7,12,1,12,9,8,11,13,12,11,0,15,9,3,7,,6,0,8,9,4,8,7,8,5,6,1,16,,15,8,7,0,4,14,7,8,0,12,11,4,0,7,9,,3,7,13,11,,7,8,7,9,0,12,8,,8,,0,11,7,8,7,11,7,7,8,9,0,10,10,1,9,13,14,8,8,3,8,7,15,8,8,9,13,10,10,
2002-04-30T15:00:00-07:00,2002-04-30,186,12,2,180188,51124,360557,,9,11,5,4,8,12,11,7,5,7,14,7,12,3,12,9,8,11,13,12,11,0,14,9,3,7,,6,0,8,9,4,8,7,8,5,6,1,16,,15,8,7,0,4,9,7,8,0,12,10,4,0,7,9,0,3,7,13,11,,7,8,7,9,0,12,8,,8,,0,11,7,8,7,11,7,7,8,9,0,10,10,1,9,7,14,8,8,3,8,7,15,8,8,16,7,10,10,
2002-05-16T15:00:00-07:00,2002-05-16,189,1,1,180188,52456,374395,,9,11,5,4,8,12,11,7,5,7,14,7,12,3,12,9,8,11,13,12,11,0,14,9,3,7,,6,0,8,9,4,8,7,8,5,6,1,16,,15,8,7,0,4,9,7,8,0,13,10,4,0,7,9,2,3,7,13,11,,7,8,7,9,0,12,8,,8,,0,11,7,8,7,11,7,7,8,8,0,10,10,1,9,7,14,8,8,3,8,7,15,8,8,16,7,10,10,
2002-06-01T15:00:00-07:00,2002-06-01,202,14,2,180188,55230,401247,,9,11,5,4,8,12,11,7,5,7,14,7,12,3,8,9,8,11,13,12,11,0,14,9,3,7,,6,0,8,9,2,8,7,8,5,6,7,16,,15,8,7,0,12,9,7,8,0,13,10,4,0,7,9,2,3,7,13,11,,7,8,7,9,0,12,8,,8,,0,11,7,8,7,11,16,7,8,8,0,10,10,1,9,7,14,8,8,3,8,7,15,8,8,16,7,10,10,
2002-06-17T15:00:00-07:00,2002-06-17,227,23,1,180188,58826,438057,,17,11,5,4,8,12,11,7,5,7,14,7,12,3,8,9,8,13,13,12,11,0,14,9,3,7,,6,0,8,9,2,18,7,14,5,6,5,16,,15,8,7,0,12,9,7,8,0,13,10,4,0,7,11,2,3,7,13,11,,14,8,7,11,0,12,9,0,8,,0,11,7,10,9,11,16,7,8,8,0,10,10,9,9,7,14,8,8,3,8,7,15,8,8,16,7,10,10,
2002-07-03T15:00:00-07:00,2002-07-03,241,15,4,180188,63387,474231,,17,11,1,4,8,12,11,19,5,7,14,7,12,3,8,9,8,13,13,12,11,0,14,9,3,7,,11,0,8,9,2,15,7,12,5,6,5,16,,15,8,7,0,12,9,7,8,0,13,10,4,0,7,11,5,3,7,13,16,,14,8,7,11,0,12,9,0,8,,0,11,7,10,9,11,14,13,8,8,0,14,10,9,9,15,13,8,8,3,8,7,15,8,8,16,16,10,10,
2002-07-19T15:00:00-07:00,2002-07-19,260,17,2,180188,67799,510003,,17,11,1,4,17,12,11,19,5,7,14,7,12,3,8,17,8,13,13,12,11,0,14,9,3,7,,11,0,8,9,2,15,7,12,5,6,5,16,,15,8,7,0,12,9,7,8,0,13,10,14,0,7,11,5,3,7,13,16,,14,8,7,11,0,12,9,0,8,,0,11,7,14,9,11,14,13,14,8,0,14,10,9,9,15,13,8,8,3,8,7,15,8,8,16,16,10,10,
2002-08-04T15:00:00-07:00,2002-08-04,287,24,2,180188,73134,555485,,17,11,1,4,17,12,11,19,3,7,14,7,12,1,8,17,8,13,13,12,11,0,14,9,12,7,,11,0,8,9,2,15,7,12,5,6,5,16,,15,8,7,0,12,9,7,8,0,13,10,9,0,7,11,5,3,7,9,16,,14,8,7,11,0,12,9,0,8,,0,11,7,14,9,11,14,13,13,8,0,14,10,9,9,15,13,8,8,3,8,7,15,8,8,16,14,10,8,
2002-08-20T15:00:00-07:00,2002-08-20,312,24,2,180188,79439,607619,,17,11,1,4,17,21,29,19,3,7,14,7,12,1,8,17,8,13,13,12,11,0,14,9,12,7,3,11,0,8,9,2,15,7,12,5,6,5,16,0,15,8,7,0,12,9,7,8,0,13,10,9,0,7,11,5,3,7,9,15,,14,8,7,11,0,12,9,0,8,,9,11,7,14,9,11,14,13,13,8,0,14,10,6,9,15,13,13,8,3,8,7,21,8,8,16,14,10,8,
2002-09-05T15:00:00-07:00,2002-09-05,339,28,4,180188,85015,669053,,17,11,1,4,17,21,29,19,3,7,14,7,15,1,8,17,8,13,13,12,11,0,14,9,12,7,7,11,0,8,9,2,22,7,12,5,6,5,16,0,15,8,7,0,12,9,7,8,0,13,10,9,0,16,11,5,3,7,9,15,,14,8,7,11,0,12,9,0,8,0,9,11,7,14,9,11,14,8,13,8,0,14,10,6,9,15,13,13,8,3,8,7,20,8,8,16,14,18,8,
2002-09-21T15:00:00-07:00,2002-09-21,383,40,2,180188,93526,746147,,17,11,1,5,14,21,29,19,3,7,14,7,15,1,8,17,8,13,13,12,11,0,20,9,12,7,9,11,0,8,9,2,22,7,12,5,6,5,16,5,15,8,7,0,12,17,7,14,0,13,13,9,0,11,11,5,3,7,9,15,,14,8,7,11,0,12,9,0,8,1,8,11,7,14,9,11,14,8,13,8,0,14,10,6,9,15,13,13,8,13,8,7,20,8,8,16,14,14,8,
2002-10-07T15:00:00-07:00,2002-10-07,447,64,6,220030,117908,874921,,17,11,1,5,14,21,29,19,3,7,14,7,15,7,8,17,19,13,13,12,11,0,20,23,12,7,14,11,0,8,19,2,22,7,12,5,6,5,16,11,15,8,7,0,12,17,7,14,0,13,13,9,0,11,11,5,6,7,19,15,,14,8,7,9,0,12,19,0,8,1,8,11,7,14,9,11,14,8,13,8,0,14,10,6,19,15,11,13,19,13,8,7,20,8,8,16,14,14,8,
2002-10-23T15:00:00-07:00,2002-10-23,564,114,6,314249,135095,1124075,,17,11,1,5,14,21,29,19,3,7,23,7,15,7,8,17,19,13,13,12,19,0,20,13,12,7,13,11,0,8,19,2,22,7,12,5,6,11,16,11,15,8,7,0,12,17,7,14,0,11,13,9,0,11,11,10,6,7,19,15,,15,8,7,9,0,12,19,0,8,3,8,11,7,14,9,11,14,8,15,8,0,14,10,6,19,15,13,13,19,13,8,7,20,8,8,16,13,14,8,
2002-11-08T15:00:00-08:00,2002-11-08,650,81,5,314249,143884,1288947,,17,11,1,5,20,21,29,19,3,7,23,20,15,7,8,17,19,13,13,12,19,0,20,13,12,7,13,11,0,8,19,2,22,7,12,5,21,11,16,11,15,8,7,0,12,17,7,14,0,11,13,9,0,11,11,10,6,7,19,15,,15,8,7,9,0,12,19,0,8,3,8,11,7,14,9,11,14,8,15,8,0,14,10,6,19,15,13,13,19,13,8,7,20,8,16,16,13,14,8,
2002-11-24T15:00:00-08:00,2002-11-24,679,30,7,314249,148853,1353583,,17,11,1,5,20,21,29,19,3,7,23,20,15,7,8,17,19,13,13,12,19,0,20,13,12,7,13,11,0,8,19,2,22,7,12,5,21,11,16,11,15,8,7,0,12,17,7,14,0,11,13,9,0,11,11,9,6,7,20,15,,15,8,7,9,0,12,19,0,8,3,8,11,7,14,9,11,14,8,15,8,0,14,10,14,19,21,13,13,19,13,8,7,20,8,16,16,13,14,8,
2002-12-10T15:00:00-08:00,2002-12-10,710,28,5,314249,153626,1416695,,17,11,1,6,20,21,29,19,3,7,23,20,15,7,8,17,19,13,13,12,19,0,20,13,12,7,13,11,0,17,13,2,22,7,7,5,19,11,16,11,15,8,7,3,12,17,7,14,0,11,13,9,0,11,11,9,6,7,20,15,,15,8,7,9,0,12,19,0,8,3,8,11,7,14,9,11,14,12,15,16,0,14,10,8,19,21,13,13,19,13,8,7,20,8,16,24,13,14,8,
2002-12-26T15:00:00-08:00,2002-12-26,772,58,2,314249,158393,1529267,,17,11,1,6,20,21,29,19,3,17,23,20,15,7,8,25,19,13,13,12,19,0,20,13,12,22,13,11,0,17,13,2,22,7,7,15,19,11,16,11,15,8,7,10,12,17,7,14,0,11,13,9,0,11,11,9,6,7,20,15,0,15,8,7,9,0,12,19,0,8,3,8,11,7,14,9,11,14,12,15,16,0,14,10,8,19,21,13,13,19,13,8,7,20,8,16,24,13,14,8,
2003-01-11T15:00:00-08:00,2003-01-11,809,36,3,314249,164820,1614057,,17,11,1,6,20,21,29,19,3,17,23,20,15,8,8,25,19,23,13,12,19,0,20,13,20,22,8,11,0,20,8,2,22,19,7,13,19,11,16,14,15,8,20,10,12,17,7,14,0,11,13,9,0,11,11,9,6,7,20,15,0,15,8,7,9,0,12,19,0,8,4,8,11,7,14,9,20,14,12,15,16,0,14,10,8,19,21,13,13,19,23,8,15,20,8,16,24,13,18,23,
2003-01-27T15:00:00-08:00,2003-01-27,858,47,2,314249,171887,1710101,,17,11,1,6,19,21,29,19,3,17,23,20,15,12,22,25,19,23,13,12,19,0,20,13,20,22,8,11,0,20,16,2,22,19,23,13,13,11,16,14,15,8,16,10,12,17,7,14,0,11,13,9,0,26,11,9,6,7,20,15,0,15,8,7,9,0,12,19,3,8,3,8,11,7,14,9,20,19,12,15,16,0,14,10,8,13,16,13,13,16,23,8,15,17,8,16,24,13,18,23,
2003-02-12T15:00:00-08:00,2003-02-12,906,47,2,314249,177510,1794287,,17,11,1,6,19,21,28,19,3,17,23,20,15,12,21,25,19,25,13,12,19,0,20,13,20,25,13,11,0,19,16,2,22,19,22,13,13,11,16,14,15,8,16,16,12,17,7,14,0,11,13,9,0,21,11,9,14,7,20,12,0,15,8,7,9,0,12,19,3,8,3,8,11,7,14,9,20,19,12,14,16,0,14,10,8,13,16,13,13,16,23,8,15,17,8,16,27,13,18,23,
2003-02-28T15:00:00-08:00,2003-02-28,944,43,9,328187,184299,1885755,,17,11,1,6,19,21,28,19,3,17,23,20,25,17,19,25,19,25,13,21,16,0,20,13,20,25,13,11,0,19,16,5,22,19,19,13,13,14,16,14,15,8,16,9,12,17,7,14,0,11,13,9,0,21,11,9,6,7,20,12,0,15,8,7,9,0,12,19,3,8,3,8,11,7,14,9,20,19,12,14,16,0,14,10,8,13,23,13,13,16,16,8,15,17,8,16,26,13,18,23,
2003-03-16T15:00:00-08:00,2003-03-16,1000,48,6,443450,190255,1987371,,17,11,7,6,19,21,28,19,3,17,23,20,25,17,19,25,19,27,13,21,16,0,20,13,20,25,13,11,0,27,16,5,22,19,19,13,13,14,16,14,20,8,16,9,12,17,20,14,0,11,20,9,0,21,11,9,6,15,20,12,0,15,8,7,9,0,21,19,3,8,4,8,11,7,14,9,18,19,12,23,16,0,14,10,8,13,19,13,13,16,16,23,15,17,8,16,26,13,15,23,
2003-04-02T14:00:00-08:00,2003-04-02,1054,48,5,526664,197439,2090969,,30,11,9,6,19,21,28,19,3,17,23,20,25,27,19,25,23,27,13,25,16,0,29,13,20,23,13,11,0,27,16,5,22,19,19,13,13,14,27,14,20,8,16,9,12,17,18,14,0,21,19,9,0,19,11,9,14,15,20,12,0,15,8,7,25,0,21,19,3,8,4,8,28,7,14,9,18,23,12,23,16,0,14,10,8,13,19,13,13,16,16,23,23,17,8,16,26,13,15,23,
2003-04-18T15:00:00-07:00,2003-04-18,1094,37,4,526664,203068,2182507,,30,11,6,4,19,21,28,19,3,17,23,20,25,27,19,25,23,27,13,25,16,0,26,13,20,23,13,11,0,27,16,5,22,19,19,13,13,14,27,14,20,8,16,9,12,17,18,14,0,21,19,9,0,19,11,9,14,15,20,12,0,15,8,7,25,0,20,19,3,8,4,8,28,7,14,9,18,23,12,23,16,0,14,10,8,13,19,27,13,16,16,23,23,17,8,16,26,13,15,23,
2003-05-04T15:00:00-07:00,2003-05-04,1146,51,5,526664,210175,2288569,,30,31,6,4,19,21,28,19,3,17,23,20,25,19,19,32,23,27,13,25,16,0,26,13,20,23,13,11,0,27,16,5,22,19,19,13,13,28,27,14,20,26,16,9,12,17,18,14,0,21,19,9,0,19,11,9,14,15,20,12,0,15,8,7,25,0,20,19,3,8,4,8,28,7,14,9,18,23,12,23,16,0,14,10,8,13,19,27,20,30,16,23,22,17,8,16,26,13,15,23,
2003-05-20T15:00:00-07:00,2003-05-20,1211,62,4,526664,218704,2410013,,30,30,6,4,19,21,28,19,3,17,23,20,25,19,19,28,23,27,13,25,16,0,26,13,20,23,13,11,0,24,16,5,22,19,19,13,13,28,27,14,20,26,16,9,12,17,18,14,0,21,19,9,0,19,11,14,14,15,20,12,0,15,8,17,25,0,20,19,3,8,4,8,28,7,14,9,18,23,12,23,16,0,14,10,8,13,19,16,20,27,16,23,22,17,8,16,26,13,15,23,
2003-06-05T15:00:00-07:00,2003-06-05,1262,51,7,526664,226307,2518721,,30,30,6,4,19,21,28,19,3,17,23,20,25,19,19,28,23,27,13,27,16,0,25,13,20,23,13,11,0,24,16,5,22,19,19,13,13,28,27,14,20,26,16,14,12,17,18,14,0,21,19,9,0,19,11,14,11,15,20,12,0,15,8,17,24,0,20,19,3,8,5,8,28,7,14,9,18,23,12,23,16,0,14,10,8,13,19,16,20,26,29,19,22,17,8,16,26,13,15,23,
2003-06-21T15:00:00-07:00,2003-06-21,1333,103,41,526664,234466,2655877,,30,30,6,4,19,21,28,19,13,17,23,20,25,19,19,28,23,26,13,27,16,0,25,13,20,23,13,11,0,24,16,5,22,19,19,13,13,29,27,14,20,26,16,14,12,17,18,14,0,21,19,9,0,19,11,14,11,15,20,12,0,15,8,17,24,1,20,19,3,19,5,19,28,22,14,9,18,23,12,23,16,0,14,10,8,13,19,16,20,26,24,19,22,17,32,16,26,13,15,23,
2003-07-07T15:00:00-07:00,2003-07-07,1391,19,3,526664,242249,2771713,,30,30,6,4,19,21,28,19,13,17,23,20,25,19,19,28,23,32,31,27,16,0,25,13,20,23,13,11,0,24,16,5,22,19,19,13,13,29,27,14,20,26,16,14,12,17,18,14,0,21,19,9,0,19,11,14,11,15,20,12,0,15,8,17,24,1,20,19,2,19,5,19,28,22,14,9,18,13,12,23,16,0,14,10,8,13,19,16,20,26,24,19,22,17,31,16,26,13,15,23,
2003-07-23T15:00:00-07:00,2003-07-23,1442,52,7,526664,249735,2880581,,30,33,5,0,30,21,28,19,13,17,23,20,25,19,19,28,23,32,30,27,16,9,25,13,20,23,13,11,0,24,16,5,22,19,19,13,13,29,27,14,20,26,16,14,12,17,18,14,0,21,19,9,0,19,11,14,11,15,20,12,2,15,8,17,24,1,20,19,0,19,5,19,28,22,14,9,18,13,12,23,16,0,14,10,8,13,19,16,20,26,24,19,22,17,31,16,26,13,15,23,
2003-08-08T15:00:00-07:00,2003-08-08,1498,56,9,526664,256427,2989363,,30,33,5,0,30,21,28,19,13,17,23,31,25,19,19,28,15,32,30,27,16,9,25,13,20,23,13,11,0,24,16,5,22,19,19,13,13,29,27,14,20,26,16,14,12,17,18,14,0,21,19,9,0,19,11,14,11,18,20,12,2,15,8,17,24,1,20,19,0,19,5,19,28,22,14,9,18,13,12,20,16,0,14,10,8,13,19,16,20,26,23,19,22,17,16,16,26,13,15,23,
2003-08-24T15:00:00-07:00,2003-08-24,1561,59,8,526664,263974,3114547,,30,33,5,0,28,21,28,19,13,17,23,31,25,19,19,28,15,32,30,27,16,9,25,13,20,23,13,11,0,24,16,5,22,19,19,13,23,27,27,14,20,26,16,16,12,17,18,14,0,21,23,9,0,19,11,14,11,18,20,12,2,15,8,17,24,1,20,19,0,19,5,19,28,22,14,9,18,13,12,20,16,0,14,23,8,13,19,16,20,26,23,19,22,17,16,16,26,13,15,23,
2003-09-09T15:00:00-07:00,2003-09-09,1630,61,3,526664,272834,3239577,,30,33,5,0,28,21,28,19,13,17,23,31,25,19,19,28,15,32,30,27,16,9,25,13,20,23,13,11,0,24,16,5,22,19,19,13,23,27,27,14,20,26,16,16,12,17,18,14,0,21,23,9,0,19,11,14,11,18,20,12,2,15,8,17,24,1,20,19,0,19,5,19,28,22,14,9,18,13,12,20,16,0,14,23,8,13,19,16,20,26,23,19,22,17,16,16,26,13,15,23,
2003-09-25T15:00:00-07:00,2003-09-25,1681,55,9,526664,280943,3358501,,30,31,5,0,28,21,33,19,13,17,23,31,25,19,19,28,15,32,30,30,16,9,25,13,20,23,13,11,0,24,16,5,22,19,19,13,23,27,27,14,20,26,16,16,12,17,18,14,0,21,23,9,0,19,11,14,11,18,20,12,2,15,8,17,24,1,20,19,0,19,5,19,28,22,14,9,18,13,12,20,16,0,14,23,8,13,19,16,20,26,23,19,22,17,16,16,26,13,15,23,
2003-10-11T15:00:00-07:00,2003-10-11,1742,60,11,526664,288857,3482755,,30,31,5,0,28,21,33,19,13,17,23,31,25,19,19,28,15,32,30,30,16,9,25,13,20,23,13,11,0,24,16,5,22,19,19,13,23,27,27,14,20,26,16,16,12,17,18,14,0,21,23,9,0,19,11,14,11,18,20,12,2,15,8,17,24,1,20,19,0,19,5,19,28,22,14,9,18,13,12,20,16,0,14,23,8,13,19,16,20,26,23,19,22,17,16,16,32,13,15,23,
2003-10-27T15:00:00-08:00,2003-10-27,1808,65,12,526664,297475,3617305,,30,31,5,0,28,21,33,19,13,17,23,31,25,36,19,28,15,32,30,30,16,9,25,13,20,23,13,11,0,24,16,5,22,19,19,21,23,27,27,14,20,26,16,16,12,17,18,14,0,21,23,9,0,19,11,14,11,18,20,12,2,15,8,17,24,1,20,19,0,19,5,19,28,22,14,9,18,13,12,20,16,0,14,23,8,13,19,16,20,32,23,26,22,17,16,19,32,13,33,23,
2003-11-12T15:00:00-08:00,2003-11-12,1883,66,7,526664,305056,3754001,,30,31,5,0,28,21,33,19,13,17,23,31,25,32,19,28,15,32,30,30,16,9,25,13,20,23,13,11,0,24,16,5,22,19,19,21,23,27,27,14,20,32,16,16,12,17,18,14,0,21,23,9,0,19,11,14,11,18,31,12,2,15,27,17,24,1,20,19,0,19,5,19,25,22,14,9,18,13,34,20,16,0,14,23,8,13,19,16,20,19,23,32,22,17,16,13,32,13,33,23,
2003-11-28T15:00:00-08:00,2003-11-28,1964,81,10,526664,313858,3924317,,30,31,5,0,28,21,33,19,13,17,23,31,25,32,19,28,15,32,30,30,16,9,25,13,20,23,13,11,0,24,27,5,22,19,19,20,23,27,27,14,20,32,16,16,12,17,18,14,0,21,23,9,0,19,11,14,11,18,31,12,2,15,27,17,24,1,20,19,0,19,5,19,25,32,32,32,18,13,34,20,16,0,14,23,8,13,19,16,20,19,23,32,31,17,16,13,32,13,33,23,
2003-12-14T15:00:00-08:00,2003-12-14,2060,88,7,611748,324936,4117753,,30,31,5,0,28,21,33,19,13,17,23,31,25,37,19,28,15,32,30,33,16,9,25,35,20,23,13,11,0,24,27,5,22,19,19,20,23,27,32,14,20,32,16,16,12,17,18,14,0,24,23,32,0,19,11,14,11,18,31,12,2,15,27,17,24,1,20,19,0,19,5,19,25,30,29,32,18,13,34,20,16,0,14,23,24,13,19,16,20,19,23,32,31,17,16,13,32,31,33,23,
2003-12-30T15:00:00-08:00,2003-12-30,2147,86,13,729136,334332,4286887,,30,31,5,0,28,21,33,19,13,17,23,31,25,36,19,28,15,32,30,33,16,9,25,35,20,23,13,11,0,24,27,5,22,19,19,20,23,27,32,14,20,32,16,16,12,17,18,14,0,24,23,32,0,19,11,14,11,18,31,12,2,15,27,17,24,1,32,19,0,19,5,19,25,30,29,32,18,13,24,20,16,0,14,34,24,13,19,16,20,19,32,32,28,17,16,13,32,31,33,23,
2004-01-15T15:00:00-08:00,2004-01-15,2242,91,19,800178,345787,4484117,,30,31,5,0,28,21,33,38,21,17,23,31,25,36,19,28,15,32,30,33,16,9,25,35,20,23,13,11,0,24,27,5,22,19,19,20,23,27,32,14,20,32,32,16,12,17,18,14,0,24,23,32,0,19,11,14,11,18,31,12,2,15,27,17,16,1,32,19,0,19,5,19,25,30,29,32,18,13,24,20,16,0,14,34,24,13,19,16,20,19,32,32,28,17,21,13,32,31,33,23,
2004-01-31T15:00:00-08:00,2004-01-31,2350,91,6,800178,355325,4683105,,30,31,5,0,28,21,33,38,21,17,23,31,25,34,19,28,15,32,30,33,16,9,25,34,20,23,13,11,0,24,27,5,22,19,19,20,23,27,32,14,20,32,32,16,12,17,18,14,0,24,23,32,0,19,11,14,11,18,31,12,2,15,27,17,16,1,32,19,0,19,5,19,25,30,29,32,18,13,24,28,16,0,14,34,24,13,19,16,20,19,32,32,28,17,21,13,32,31,33,23,
2004-02-16T15:00:00-08:00,2004-02-16,2470,116,6,800178,367900,4923213,,30,31,5,0,28,21,33,38,27,17,23,31,25,34,19,28,15,32,30,33,16,9,25,34,20,23,19,11,0,36,27,17,22,19,19,20,23,27,32,27,20,32,32,16,12,30,18,14,0,24,23,32,0,19,11,16,11,18,31,12,2,15,27,17,16,1,32,19,0,19,5,19,25,30,29,32,18,13,24,28,16,0,14,34,24,13,19,16,20,19,32,32,28,17,21,35,32,31,33,23,
2004-03-03T15:00:00-08:00,2004-03-03,2616,144,7,800178,384123,5219807,,30,31,5,0,28,21,33,38,27,17,23,31,25,34,19,28,15,32,30,33,16,13,25,34,20,23,19,11,0,36,27,17,22,19,19,20,23,27,32,27,20,32,32,16,12,30,27,14,0,24,23,32,0,19,11,16,11,18,31,12,2,15,27,17,16,1,32,19,0,19,8,19,25,30,29,32,18,13,24,28,16,0,14,34,24,13,19,16,20,19,32,32,28,17,21,35,32,31,33,23,
2004-03-19T15:00:00-08:00,2004-03-19,2790,167,4,800178,400968,5559863,,30,31,16,0,28,21,33,38,32,17,23,31,25,36,19,28,15,32,30,33,32,13,39,34,20,23,19,11,0,36,27,17,22,19,19,20,23,27,32,27,20,32,32,16,12,30,27,14,0,24,23,32,0,19,28,16,11,18,31,12,2,15,27,17,16,1,24,19,6,19,8,32,25,30,29,32,34,13,24,28,16,0,14,34,24,13,19,16,20,19,32,32,28,17,21,35,32,31,33,23,
2004-04-05T15:00:00-07:00,2004-04-05,2954,164,7,800178,419477,5894845,,30,31,16,0,28,21,33,38,32,17,23,31,25,36,19,28,15,32,30,33,32,13,39,34,20,23,19,11,0,36,27,17,22,19,19,20,23,27,32,27,20,32,32,16,12,30,27,14,0,24,25,32,0,19,28,16,11,18,31,12,2,15,27,17,16,1,24,19,6,19,7,32,25,30,29,32,34,13,24,28,16,0,14,34,24,13,19,16,32,19,32,32,28,17,21,35,32,31,33,23,
2004-04-21T15:00:00-07:00,2004-04-21,3103,146,7,800178,435830,6199681,,30,31,16,0,28,21,33,38,32,30,23,31,25,36,36,28,15,32,30,33,32,13,39,34,20,23,19,11,0,36,27,17,22,19,19,20,23,27,32,27,20,32,32,16,12,30,27,37,0,24,25,32,0,19,28,16,11,18,31,12,2,15,27,17,16,1,24,19,6,24,7,32,25,36,29,25,34,13,24,28,16,0,14,27,24,13,19,16,32,19,32,32,28,17,21,35,32,31,33,23,
2004-05-07T15:00:00-07:00,2004-05-07,3287,177,3,800178,452501,6554649,,30,31,16,0,28,21,33,38,32,30,23,31,25,36,36,28,15,32,30,33,32,13,35,34,20,23,19,11,0,36,27,17,22,19,19,20,23,27,32,27,20,32,32,16,12,30,27,37,0,24,25,32,21,19,28,16,11,18,31,12,2,15,27,17,16,1,24,19,6,24,7,32,25,36,29,25,34,40,24,28,16,30,14,27,24,42,19,16,32,19,32,32,28,17,21,23,32,31,33,23,
2004-05-23T15:00:00-07:00,2004-05-23,3442,153,3,800178,468020,6868553,,30,31,16,0,28,21,39,38,32,30,23,31,25,36,36,28,15,40,30,33,32,13,35,34,20,23,23,11,0,36,27,17,22,19,40,20,37,33,32,27,20,32,32,16,12,30,27,35,0,24,25,32,21,36,28,16,25,18,31,12,2,15,27,17,16,1,24,19,4,24,7,32,25,37,29,25,34,32,24,28,16,30,14,27,24,38,19,16,32,19,23,32,28,17,21,23,32,31,33,23,
2004-06-08T15:00:00-07:00,2004-06-08,3569,127,7,800178,481530,7133109,,30,31,16,0,28,21,39,38,32,30,23,31,25,36,36,28,15,40,30,33,32,13,35,34,20,23,23,11,0,36,27,17,22,19,40,20,37,31,32,27,20,32,32,16,12,30,27,35,0,24,25,32,21,36,28,16,25,18,31,12,2,15,27,17,16,1,24,19,4,24,7,32,25,37,29,25,34,32,24,28,16,30,14,27,24,38,19,16,32,32,23,32,28,17,21,23,32,31,33,23,
2004-06-24T15:00:00-07:00,2004-06-24,3738,166,8,800178,499381,7471251,,30,31,16,0,28,21,39,38,32,30,23,31,25,36,36,28,15,40,30,33,32,13,35,34,20,23,23,11,0,36,27,17,22,19,40,20,37,31,32,27,20,32,32,16,12,30,27,35,0,24,31,32,21,36,28,16,24,18,31,12,2,15,27,17,16,1,24,19,4,24,7,32,25,37,29,25,34,32,24,28,16,30,14,27,24,38,19,16,32,32,23,32,33,17,21,23,32,31,33,23,
2004-07-10T15:00:00-07:00,2004-07-10,3932,190,7,800178,515455,7849013,,30,31,16,21,28,21,39,38,32,30,23,31,25,36,36,28,15,40,30,33,32,13,35,34,20,23,23,11,0,36,27,17,22,19,40,20,37,31,32,27,20,32,32,16,12,30,27,35,0,24,31,32,21,36,28,16,24,18,31,12,2,15,27,17,16,1,24,19,4,24,7,32,25,37,29,25,34,32,24,28,16,30,14,27,24,38,19,16,32,32,23,32,33,17,21,23,32,31,39,23,
2004-07-26T15:00:00-07:00,2004-07-26,4125,190,7,801062,531015,8239555,,30,31,16,23,28,21,39,38,32,30,23,31,25,36,36,28,15,40,30,33,32,13,35,34,20,23,25,11,0,36,27,17,22,19,40,20,37,31,32,27,20,32,32,16,12,30,27,35,0,24,31,32,21,36,28,16,24,18,31,12,7,15,27,17,16,1,24,19,4,24,7,32,25,25,29,25,34,32,24,28,16,21,14,27,24,38,19,16,32,32,23,32,33,17,21,23,32,31,39,23,
2004-08-11T15:00:00-07:00,2004-08-11,4351,225,14,1039251,545564,8690231,,30,31,16,23,28,21,39,38,32,30,23,31,25,36,36,28,15,40,41,33,32,13,35,34,20,23,25,11,0,36,27,17,22,19,40,20,37,31,32,26,20,32,32,16,12,30,27,35,0,24,30,32,21,36,28,16,24,18,31,12,26,15,27,17,16,1,24,19,4,24,7,32,25,25,29,25,34,32,24,28,41,21,14,27,24,38,19,16,32,32,23,32,33,17,21,23,32,31,39,23,
2004-08-27T15:00:00-07:00,2004-08-27,4586,226,17,1156603,562887,9155103,,30,31,16,23,28,21,39,38,45,30,23,31,46,36,36,28,15,40,39,33,32,13,35,34,20,23,25,11,0,36,27,17,22,19,40,20,37,31,32,26,20,32,32,16,12,30,27,35,0,24,30,32,21,36,28,16,24,18,31,12,26,15,27,17,16,1,24,19,4,24,7,32,25,25,29,25,34,32,24,28,41,21,14,27,24,38,19,16,32,32,23,32,33,17,21,23,32,31,39,23,
2004-09-12T15:00:00-07:00,2004-09-12,4783,208,37,1164316,578040,9560835,,30,31,16,23,28,21,39,38,45,30,23,31,46,36,36,28,15,40,39,33,32,13,35,34,20,23,25,11,0,36,27,17,22,19,40,20,37,31,32,26,20,32,32,16,12,30,27,35,0,24,30,32,21,36,28,16,24,18,31,12,20,15,27,17,16,1,24,19,4,24,7,32,25,25,29,25,34,32,24,28,34,21,14,27,24,38,19,16,32,32,23,32,33,17,21,23,32,31,39,23,
2004-09-28T15:00:00-07:00,2004-09-28,4991,177,11,1174283,594285,9972989,,30,31,16,23,28,47,39,38,45,30,23,31,46,36,36,28,15,40,39,33,32,13,35,27,20,23,25,11,0,36,45,17,22,19,40,20,37,25,32,26,20,32,32,16,12,30,27,35,0,24,30,32,21,36,28,16,21,18,36,12,20,15,27,17,16,1,24,19,4,24,7,32,25,25,29,36,34,45,24,28,27,21,27,27,24,38,19,16,32,32,23,32,33,17,46,23,32,31,39,23,
2004-10-14T15:00:00-07:00,2004-10-14,5194,201,13,1183623,609184,10385847,,30,31,16,23,28,47,39,38,49,30,23,31,46,36,36,28,15,40,39,33,32,13,35,27,20,48,25,11,0,36,45,17,22,19,40,20,37,25,32,26,20,32,32,14,12,30,27,35,0,24,30,32,21,36,28,16,23,18,36,12,14,15,27,17,16,1,24,19,4,24,7,32,25,25,29,36,34,45,24,28,27,21,27,27,24,38,19,16,32,32,23,32,33,17,46,23,32,31,39,23,
2004-10-30T15:00:00-07:00,2004-10-30,5424,226,13,1194015,625725,10849147,,30,31,16,23,28,47,46,38,49,30,23,31,43,36,36,46,15,40,39,33,32,13,35,27,20,48,25,11,0,36,45,17,22,19,40,20,37,25,32,26,50,32,32,14,12,30,27,35,47,24,28,32,21,36,28,16,23,18,36,12,14,15,27,17,16,3,24,19,4,24,7,32,25,25,33,36,34,44,24,28,27,21,27,27,24,38,19,16,32,32,23,32,33,17,46,23,32,31,39,23,
2004-11-15T15:00:00-08:00,2004-11-15,5820,393,15,1210587,643326,11629685,,30,31,16,23,28,47,46,38,49,30,23,31,43,42,36,46,15,40,39,33,32,13,35,27,20,48,25,11,0,36,45,17,22,19,40,20,37,25,32,26,50,32,32,14,12,30,27,35,47,24,28,32,21,36,28,16,23,18,36,12,14,15,27,17,16,16,24,19,14,24,7,32,25,25,33,36,34,44,24,43,27,21,27,27,24,38,19,16,32,32,23,32,33,17,46,23,32,31,39,36,
2004-12-01T15:00:00-08:00,2004-12-01,6129,294,5,1222444,661240,12242281,,30,31,16,23,28,47,43,38,49,30,23,31,43,50,36,46,15,40,39,33,32,13,35,27,20,46,25,11,0,36,45,17,22,19,40,20,37,25,32,27,48,32,32,14,12,30,27,35,44,24,28,32,21,36,28,16,23,18,36,12,14,15,27,17,16,16,24,19,16,24,10,32,25,25,33,36,34,44,24,41,32,21,27,34,24,38,19,16,32,32,23,32,33,17,46,23,32,31,39,36,
2004-12-17T15:00:00-08:00,2004-12-17,6422,292,8,1226276,678738,12833423,,51,31,16,23,28,47,43,38,49,30,50,31,43,50,36,46,15,49,39,33,32,13,35,27,20,46,25,38,0,36,38,17,22,19,40,20,37,25,32,35,48,32,32,14,12,46,27,35,44,24,28,32,21,36,28,16,23,18,36,12,14,15,27,17,16,16,24,19,16,24,10,32,25,25,33,35,34,44,24,41,32,21,27,34,24,38,19,16,32,32,23,32,31,17,46,23,48,31,39,36,
2005-01-02T15:00:00-08:00,2005-01-02,6675,251,9,1226795,697364,13339371,,51,31,16,23,28,47,43,38,49,30,50,31,43,50,36,46,15,49,39,33,32,13,35,27,20,46,25,38,0,36,38,17,22,19,40,20,37,25,32,35,48,32,32,14,12,46,27,35,44,24,28,32,21,36,28,16,23,27,36,12,14,15,27,17,16,16,24,19,16,24,10,32,25,25,33,35,34,44,24,41,32,21,27,34,24,32,19,16,32,32,23,36,31,17,46,23,48,31,39,36,
2005-01-18T15:00:00-08:00,2005-01-18,6898,218,9,1226795,712413,13778275,,51,31,16,36,28,47,43,38,49,30,50,31,43,44,36,46,15,46,39,42,32,13,43,27,20,41,25,35,0,36,38,17,22,19,40,20,37,25,32,35,48,32,32,14,12,46,27,35,44,24,28,32,21,36,28,16,23,27,36,12,14,15,27,17,16,16,24,19,16,24,10,32,25,25,33,35,34,44,24,41,32,21,27,34,24,32,19,16,32,32,23,36,31,17,46,23,48,31,39,36,
2005-02-03T15:00:00-08:00,2005-02-03,7135,233,9,1226795,727208,14258619,,51,31,16,36,28,47,43,38,49,30,50,31,43,44,36,46,15,46,39,41,32,13,43,44,20,41,25,35,0,36,38,17,22,19,40,20,37,25,32,35,30,32,32,14,12,46,27,35,44,24,40,32,21,36,28,16,23,27,36,12,14,15,27,17,16,16,24,32,16,24,10,32,25,25,33,35,34,44,24,41,27,21,27,34,30,32,19,16,32,32,23,36,31,17,46,23,48,31,39,36,
2005-02-19T15:00:00-08:00,2005-02-19,7391,252,9,1226795,744376,14779339,,51,31,16,36,28,47,43,38,46,30,50,31,43,44,36,46,15,46,39,41,32,13,43,44,20,41,25,35,0,36,38,17,22,19,40,20,37,25,32,34,30,32,32,14,12,45,27,35,44,24,40,32,21,36,28,16,23,27,36,12,14,15,27,17,16,16,24,32,16,24,10,32,25,25,33,35,34,44,24,41,27,21,27,34,30,32,19,16,32,32,23,36,31,17,46,23,48,31,39,36,
2005-03-07T15:00:00-08:00,2005-03-07,7614,227,17,1226795,758702,15226303,,51,31,16,36,28,47,43,38,46,30,50,31,43,44,36,46,15,46,39,41,32,13,43,44,52,41,25,35,0,36,38,17,22,19,50,20,37,25,32,34,30,32,32,14,12,45,27,35,44,24,40,32,21,36,28,16,23,27,36,12,14,15,27,17,16,16,24,32,16,24,10,32,25,25,33,35,34,44,24,41,27,21,27,34,30,32,19,16,32,32,23,36,31,17,46,23,48,31,39,36,
2005-03-23T15:00:00-08:00,2005-03-23,7888,263,10,1226795,776109,15776455,,51,31,16,36,28,47,43,38,46,30,50,31,43,44,36,46,15,46,39,41,32,13,43,44,52,41,25,35,0,36,38,17,22,19,49,20,37,25,32,35,30,32,32,14,12,45,27,35,44,24,40,32,44,36,28,16,23,27,36,12,14,41,27,17,16,16,24,32,16,24,10,32,25,25,33,35,34,44,24,41,27,21,27,34,30,32,19,16,32,32,23,36,31,17,46,23,48,31,39,36,
2005-04-09T15:00:00-07:00,2005-04-09,8214,324,12,1226795,796822,16421299,,51,31,16,52,28,47,43,38,46,30,50,31,43,44,36,46,15,46,39,41,32,13,43,44,52,41,39,35,0,36,32,17,22,19,49,20,37,26,32,35,30,32,32,14,12,45,41,35,44,24,40,32,44,36,28,16,35,27,36,12,14,41,27,17,16,16,24,32,16,24,10,32,25,25,33,35,34,44,24,40,27,21,27,34,30,32,19,50,32,32,23,36,31,17,46,23,48,31,39,36,
2005-04-25T15:00:00-07:00,2005-04-25,8559,337,9,1320156,817601,17111169,,51,55,16,44,28,47,43,38,46,30,50,31,43,52,36,46,15,46,39,41,32,13,43,44,52,41,39,35,0,36,32,17,22,19,49,20,37,26,32,35,30,32,32,14,12,45,41,35,44,24,40,32,43,36,28,16,35,27,36,12,14,38,27,17,16,16,24,32,16,24,10,32,25,25,33,35,34,44,24,40,27,21,27,34,30,32,19,50,32,32,23,36,31,17,46,23,48,31,39,36,
2005-05-11T15:00:00-07:00,2005-05-11,8904,344,12,1332733,838388,17808609,,51,55,32,44,43,47,43,38,46,30,50,31,43,52,36,46,15,46,39,41,32,13,54,44,52,41,35,35,0,36,32,17,22,44,36,20,37,26,32,34,30,32,32,14,12,45,41,35,44,24,40,32,43,36,28,16,35,27,36,12,14,38,27,17,16,16,24,32,16,24,10,32,25,25,33,35,43,44,24,40,27,21,27,34,30,32,19,50,32,32,23,36,31,17,46,23,48,31,39,36,
2005-05-27T15:00:00-07:00,2005-05-27,9246,338,15,1344645,857567,18484405,,51,55,32,56,43,47,43,38,46,30,50,31,43,52,36,46,15,46,39,41,32,13,54,44,52,41,29,35,0,36,32,17,22,44,36,20,37,16,32,34,30,32,32,14,12,45,41,35,44,24,40,32,43,36,28,36,35,27,36,12,14,38,27,17,16,16,24,32,16,24,10,32,25,25,33,35,43,44,24,40,27,21,27,34,30,32,19,50,32,32,23,36,31,17,46,23,48,31,39,36,
2005-06-12T15:00:00-07:00,2005-06-12,9606,350,11,1357050,878479,19197325,,51,55,24,56,43,47,43,38,46,30,50,31,43,52,36,46,15,46,57,41,32,13,50,44,52,41,29,35,0,36,32,17,22,44,36,20,37,16,32,34,30,32,32,14,12,45,41,35,44,24,40,32,43,36,28,26,35,27,36,12,14,38,27,17,16,16,24,32,16,24,10,32,25,25,33,35,43,44,24,40,27,21,27,34,30,32,19,23,32,32,23,36,31,17,46,23,48,31,39,53,
2005-06-28T15:00:00-07:00,2005-06-28,10001,394,20,1371223,901045,19993325,,51,55,24,56,43,47,43,38,46,30,50,31,43,52,36,46,15,46,57,41,32,13,50,44,52,41,29,35,0,36,32,17,22,44,36,20,37,16,32,34,30,32,32,14,12,45,41,35,44,24,39,32,43,36,28,26,29,27,36,12,14,38,27,17,16,16,24,32,16,24,10,32,25,25,33,35,43,44,24,40,27,21,27,34,30,32,19,23,32,32,23,36,31,17,46,23,48,31,39,53,
2005-07-14T15:00:00-07:00,2005-07-14,10455,440,12,1387576,925473,20905221,,51,55,32,56,43,47,43,38,46,30,50,31,43,52,36,46,46,46,57,41,32,13,50,44,52,41,29,35,0,36,32,17,22,44,36,20,37,16,32,34,30,32,32,14,12,45,41,35,44,24,44,32,43,36,28,26,29,27,36,12,14,38,27,17,16,16,24,32,16,24,10,32,25,25,33,35,43,44,24,40,27,21,27,34,30,32,19,23,32,32,23,36,31,17,46,23,48,31,39,53,
2005-07-30T15:00:00-07:00,2005-07-30,10908,450,14,1404664,951350,21815123,,51,55,32,56,43,58,43,38,46,30,50,31,43,52,36,46,46,46,57,41,32,36,50,44,52,41,29,47,0,36,32,17,22,44,36,20,37,16,32,26,30,32,32,14,12,45,41,35,44,24,44,32,43,36,28,26,29,27,36,12,14,38,27,17,16,16,24,32,16,24,15,32,25,25,33,35,43,44,24,40,27,21,27,34,30,32,19,23,32,32,23,36,31,17,46,23,48,31,39,53,
2005-08-15T15:00:00-07:00,2005-08-15,11393,478,12,1421703,981420,22781669,,51,55,32,56,43,58,43,38,46,30,50,31,43,52,36,46,46,46,57,51,32,35,50,44,52,41,36,47,0,36,32,17,22,44,36,20,37,16,32,26,30,32,32,14,12,45,41,35,44,24,44,32,43,36,28,26,29,27,36,12,14,38,27,17,16,16,24,32,16,24,15,32,25,25,33,35,43,44,24,40,27,21,27,34,30,32,19,23,32,32,23,36,31,17,46,23,48,31,39,53,
2005-08-31T15:00:00-07:00,2005-08-31,11884,485,11,1437901,1008329,23761283,,51,55,32,56,43,58,43,38,46,30,50,31,43,52,36,46,46,46,57,51,32,35,50,44,52,41,36,47,0,36,32,17,22,44,36,20,37,16,32,26,30,32,32,14,12,45,41,35,44,24,44,32,43,36,28,26,29,27,36,12,14,38,27,17,16,16,24,32,16,24,15,32,25,25,54,35,43,44,24,40,27,21,27,44,30,32,19,23,32,32,23,36,31,17,46,23,48,31,39,53,
2005-09-16T15:00:00-07:00,2005-09-16,12331,445,13,1450908,1030650,24656059,,51,55,32,58,43,57,43,38,46,30,50,31,43,52,36,46,46,46,56,56,32,35,50,44,52,41,36,47,0,36,32,17,22,44,36,20,37,16,32,26,30,32,32,14,12,45,41,35,44,24,44,32,41,36,28,26,29,27,36,12,32,38,27,17,16,16,24,32,16,24,15,32,25,25,49,35,43,44,24,40,27,21,27,44,30,32,19,23,32,32,23,36,31,17,46,23,48,31,39,53,
2005-10-02T15:00:00-07:00,2005-10-02,12823,487,12,1465904,1054157,25629803,,51,55,32,58,43,57,43,38,46,30,50,31,43,52,36,46,46,46,56,56,32,35,50,44,52,41,36,47,0,36,32,17,22,44,36,20,37,16,53,26,55,32,32,14,12,45,41,35,44,24,48,32,41,36,28,26,29,27,36,12,16,38,27,17,16,16,24,32,16,24,15,32,25,25,49,35,43,44,24,40,27,21,27,44,30,32,19,23,32,32,23,36,31,17,46,23,48,48,39,53,
2005-10-18T15:00:00-07:00,2005-10-18,13278,453,17,1480539,1077393,26551897,,51,55,32,58,43,57,43,38,46,30,50,31,43,61,36,46,46,46,56,56,32,35,54,44,52,41,36,47,0,36,53,17,22,44,36,20,37,16,53,26,55,56,32,14,12,45,41,35,44,24,48,32,41,36,28,26,29,27,36,12,16,38,27,17,46,16,53,32,16,24,15,32,25,25,49,35,43,44,24,40,27,21,39,44,30,32,58,23,32,32,23,36,31,17,46,23,48,48,39,58,
2005-11-03T15:00:00-08:00,2005-11-03,13794,501,6,1499984,1100962,27573213,,51,55,32,58,43,57,43,38,46,30,50,31,43,61,36,46,46,46,56,60,32,35,54,44,52,41,36,47,0,36,53,17,22,44,36,20,37,16,53,26,55,56,32,14,12,45,41,35,44,24,48,32,41,36,28,26,29,27,36,12,16,38,27,17,46,16,46,32,16,24,16,32,25,25,49,35,43,44,24,40,27,21,34,44,30,56,53,23,32,32,23,36,31,17,46,23,48,48,39,58,
2005-11-19T15:00:00-08:00,2005-11-19,14310,510,5,1516540,1123536,28600725,,51,55,32,62,43,57,43,38,46,30,50,31,63,61,36,46,46,46,56,60,32,35,54,44,52,41,36,47,0,36,53,17,60,44,36,20,37,16,53,26,55,56,32,14,12,45,41,35,44,24,48,32,41,36,28,26,29,27,36,12,16,38,27,17,46,16,46,32,16,24,16,32,25,25,49,35,43,44,24,40,27,21,34,44,30,56,53,23,32,32,23,36,31,17,46,23,48,48,39,58,
2005-12-05T15:00:00-08:00,2005-12-05,14830,524,14,1532916,1146372,29655177,,51,55,32,62,43,57,43,38,46,30,50,31,63,61,36,46,46,46,56,60,32,41,54,44,52,41,36,45,0,36,53,17,60,44,36,20,37,16,53,26,55,46,32,14,12,45,38,35,44,24,48,32,41,36,28,26,29,27,36,12,16,38,27,17,46,16,46,32,16,24,16,32,25,25,49,35,43,44,24,40,27,21,33,44,30,56,53,23,32,32,23,36,31,17,46,23,48,48,39,58,
2005-12-21T15:00:00-08:00,2005-12-21,15434,597,11,1550792,1172316,30859125,,51,55,44,62,43,57,43,38,46,30,50,31,63,61,36,46,46,46,56,60,32,36,54,44,52,41,36,45,0,36,53,17,60,44,36,20,37,16,53,26,55,46,32,14,12,45,38,35,44,24,48,32,41,36,28,26,29,27,36,12,16,38,27,17,46,16,46,32,16,24,16,32,25,25,49,35,43,44,24,40,27,21,33,44,30,56,40,23,32,32,23,36,31,17,46,23,48,48,39,58,
2006-01-06T15:00:00-08:00,2006-01-06,16066,628,12,1569546,1200544,32114647,,51,55,44,62,43,57,43,38,46,30,50,31,63,61,36,46,46,46,56,60,32,35,54,44,52,41,36,45,0,36,53,17,60,44,36,61,37,16,53,26,55,46,32,14,12,45,38,35,44,24,48,32,41,36,28,26,29,27,36,12,16,38,27,17,46,16,46,32,16,24,16,32,25,25,49,35,43,44,24,40,27,21,33,44,30,56,40,23,32,32,23,36,31,17,46,23,48,48,39,58,
2006-01-22T15:00:00-08:00,2006-01-22,16735,663,9,1589511,1229055,33457571,,51,55,64,62,43,57,43,38,46,30,50,31,63,61,36,46,46,46,56,60,32,36,54,44,52,41,36,45,0,36,53,17,60,44,36,50,37,16,53,26,55,46,32,14,12,45,38,35,44,24,48,32,41,36,28,26,29,27,36,12,16,38,27,17,46,16,46,32,16,24,16,32,25,25,49,35,43,44,24,40,27,21,33,44,30,56,40,23,32,32,23,36,31,17,46,23,48,48,39,58,
2006-02-07T15:00:00-08:00,2006-02-07,17380,644,13,1607785,1255786,34761395,,51,55,61,62,43,57,43,38,46,30,50,31,63,61,36,46,46,46,56,60,32,40,63,44,52,41,36,45,0,36,53,17,60,44,61,50,37,39,53,26,55,46,32,14,12,45,38,35,44,24,48,32,41,36,28,26,29,27,36,12,16,38,27,17,46,16,46,32,16,24,16,62,25,25,49,35,43,44,24,40,27,21,33,44,30,56,40,23,32,32,23,36,31,17,46,23,48,48,39,58,
2006-02-23T15:00:00-08:00,2006-02-23,18071,691,18,1626200,1283544,36140241,,51,55,61,62,43,57,43,38,46,30,50,31,63,61,36,46,46,61,56,60,32,40,63,44,52,41,36,45,0,36,53,51,60,44,61,50,37,39,53,26,55,46,32,14,56,45,38,35,44,24,48,32,41,36,28,26,29,27,36,12,16,38,27,17,46,16,46,32,16,63,16,62,25,25,49,35,43,44,24,40,27,21,33,44,30,66,40,23,32,32,23,36,31,17,46,23,48,48,39,58,
2006-03-11T15:00:00-08:00,2006-03-11,18774,687,7,1645454,1309934,37530133,,51,55,61,62,64,57,43,38,46,30,50,31,63,61,36,46,46,61,56,60,32,40,63,44,52,41,36,45,0,36,53,51,60,44,60,50,37,39,52,26,55,46,32,14,52,63,38,35,44,24,48,32,41,36,28,26,29,27,36,12,16,38,27,17,46,16,46,32,16,63,16,62,25,46,49,35,43,44,24,40,27,21,33,44,30,66,40,23,32,32,23,36,31,17,46,23,48,48,39,58,
2006-03-28T14:00:00-08:00,2006-03-28,19503,732,15,1665042,1336675,38999903,,51,55,61,66,64,57,43,38,46,30,50,31,63,61,36,46,46,61,56,60,32,40,63,44,52,41,36,45,0,36,53,49,60,44,61,50,58,39,52,29,55,46,32,14,52,51,38,35,44,24,48,32,41,36,28,26,29,27,36,12,16,38,64,17,46,16,46,32,16,62,16,62,25,46,49,35,43,44,24,40,27,21,33,44,30,66,40,23,62,32,23,36,31,17,46,23,48,48,39,58,
2006-04-13T15:00:00-07:00,2006-04-13,20225,722,21,1684646,1361656,40438931,,51,55,61,66,64,57,43,38,46,30,50,31,63,61,36,46,46,61,56,60,32,40,63,44,52,41,36,45,0,36,53,49,60,44,61,50,58,39,52,29,55,46,32,14,52,51,38,35,68,24,48,32,41,36,28,26,29,27,36,12,16,38,64,17,46,16,46,32,16,62,16,62,25,46,49,35,43,44,24,40,27,21,33,44,30,66,40,23,62,32,23,36,31,17,46,23,48,48,39,58,
2006-04-29T15:00:00-07:00,2006-04-29,20916,674,14,1701635,1386639,41819793,,51,55,61,66,64,57,43,38,46,30,50,31,63,61,36,46,46,61,56,60,32,40,63,44,52,41,36,45,0,36,53,49,55,44,61,50,58,39,52,29,55,46,32,14,52,51,38,35,67,24,48,32,41,36,28,26,29,27,36,12,16,38,64,17,46,16,46,32,16,62,16,62,25,46,49,35,43,44,24,40,27,21,33,44,30,66,40,23,61,32,23,36,31,17,46,23,48,48,39,58,
2006-05-15T15:00:00-07:00,2006-05-15,21629,701,14,1718631,1412809,43240757,,51,55,61,66,64,57,63,38,46,30,50,31,63,61,36,46,46,61,56,60,32,40,63,44,52,41,36,45,0,36,53,49,55,44,61,50,58,53,52,39,55,46,32,14,52,51,38,35,67,24,48,32,41,36,28,46,29,27,36,55,16,38,64,17,46,16,46,32,16,62,16,62,25,46,49,35,43,44,24,40,27,21,33,44,30,66,40,23,61,32,23,36,31,17,46,23,48,48,39,58,
2006-05-31T15:00:00-07:00,2006-05-31,22465,830,15,1736737,1440305,44923863,,51,55,61,66,64,57,63,38,46,30,50,31,63,61,36,46,46,61,56,60,32,56,63,44,52,41,36,45,0,36,53,49,55,44,61,50,58,51,52,39,55,46,32,14,52,64,38,35,67,24,59,32,41,36,28,46,29,27,36,55,16,38,64,17,46,16,46,32,16,62,16,62,25,46,49,35,43,44,24,67,27,21,33,44,30,66,40,23,61,32,23,36,63,17,46,23,48,48,39,58,
2006-06-16T15:00:00-07:00,2006-06-16,23252,777,9,1753376,1464259,46497725,,51,55,61,66,64,57,63,38,46,30,50,31,63,61,36,46,46,61,56,60,70,56,63,44,52,41,36,45,0,36,53,49,55,44,61,50,58,51,52,39,55,46,32,14,52,64,38,35,67,24,59,69,41,62,28,46,29,27,36,55,16,38,64,17,46,16,46,32,16,62,16,62,25,46,49,35,43,44,24,67,27,21,33,44,30,66,40,23,61,32,23,36,63,17,46,23,48,48,39,58,
2006-07-02T15:00:00-07:00,2006-07-02,24044,792,14,1768879,1491286,48082817,,51,55,61,66,64,57,63,38,46,30,50,31,63,61,36,46,46,61,56,60,70,56,63,44,52,41,36,45,0,36,53,49,55,44,61,50,58,51,52,39,55,46,32,14,52,64,38,35,67,24,59,69,41,62,28,45,29,27,36,55,16,38,64,17,46,16,46,32,14,62,16,62,25,46,49,35,43,44,24,67,27,21,33,44,30,66,40,23,61,32,23,68,63,17,46,23,48,48,39,58,
2006-07-18T15:00:00-07:00,2006-07-18,24895,841,11,1785990,1519659,49776345,,51,55,70,66,64,57,63,38,46,30,50,31,63,61,36,46,46,61,56,60,70,56,63,44,52,41,36,45,0,36,53,49,55,44,61,50,58,51,52,39,55,46,32,14,52,64,38,35,67,24,59,69,41,62,28,45,29,27,36,55,16,38,64,17,46,16,46,58,14,62,16,62,25,46,49,35,43,44,24,67,27,21,33,44,30,66,40,23,61,69,23,68,63,17,46,23,48,48,39,58,
2006-08-03T15:00:00-07:00,2006-08-03,25736,840,16,1802957,1545556,51466437,,51,55,70,66,64,57,63,38,46,30,50,31,63,61,36,46,46,61,56,60,69,56,63,44,52,41,36,45,0,36,53,49,55,44,61,50,58,51,52,39,55,46,32,14,52,64,38,35,67,24,59,68,41,62,28,44,29,46,36,55,45,38,64,17,46,29,46,58,14,62,16,62,25,46,49,35,43,44,24,67,27,21,33,44,30,66,40,23,61,68,23,68,63,17,46,23,48,48,39,58,
2006-08-19T15:00:00-07:00,2006-08-19,26633,891,15,1819908,1572037,53253919,,51,55,70,66,64,57,63,38,46,30,50,31,63,61,36,46,46,61,56,60,69,61,63,44,52,41,36,45,0,36,53,49,55,44,61,50,58,51,52,39,55,46,32,14,52,64,38,35,67,24,59,68,41,62,28,44,29,46,36,51,39,38,64,17,46,29,46,58,14,62,16,62,25,46,49,35,43,44,24,60,27,21,33,44,30,66,40,23,61,68,23,68,63,17,46,23,48,48,39,58,
2006-09-04T15:00:00-07:00,2006-09-04,27589,944,8,1837725,1599743,55163361,,51,55,70,66,64,57,63,38,46,30,50,31,63,61,36,46,46,61,56,60,69,61,63,44,52,41,36,45,0,36,53,49,55,44,61,50,58,51,52,39,55,46,32,14,52,64,38,35,67,24,59,68,41,62,28,44,29,46,36,51,39,38,64,17,46,29,46,58,14,62,16,62,25,46,49,35,43,44,24,60,27,21,33,44,30,66,40,23,61,68,23,68,63,17,46,23,48,48,39,58,
2006-09-20T15:00:00-07:00,2006-09-20,28438,848,12,1852658,1623039,56864139,,51,55,70,66,64,57,63,38,70,30,50,31,63,61,36,46,46,61,56,60,69,56,72,44,52,41,36,45,0,36,53,49,55,44,61,50,58,51,52,39,55,70,32,14,52,64,38,35,67,24,59,68,41,62,28,44,29,46,36,55,39,38,64,17,46,29,66,58,14,62,16,62,25,46,49,35,43,44,24,60,27,21,33,44,30,66,40,23,61,68,23,68,63,17,46,23,48,48,39,58,
2006-10-06T15:00:00-07:00,2006-10-06,29269,822,9,1867318,1645643,58517353,,51,55,70,66,64,57,63,38,70,30,50,31,63,61,36,46,46,61,56,60,69,56,72,44,52,41,36,45,0,36,53,49,55,44,61,50,58,51,52,39,64,70,32,14,52,64,38,35,67,24,59,68,41,62,28,44,29,46,36,55,39,38,64,17,46,29,66,58,14,62,16,62,25,46,49,35,43,44,24,60,27,73,33,44,30,66,40,23,61,68,23,68,63,17,46,23,48,48,39,58,
2006-10-22T15:00:00-07:00,2006-10-22,30106,836,13,1870709,1668417,60205947,,51,55,70,66,64,57,63,38,70,30,50,63,63,61,36,46,46,61,56,60,69,56,72,44,52,41,36,45,0,36,53,49,55,44,61,50,58,39,52,39,64,70,32,14,52,64,38,35,67,24,59,68,41,62,28,44,29,46,36,55,39,38,64,17,46,29,66,58,14,62,16,62,25,46,49,35,43,44,24,60,61,73,33,44,30,66,40,23,61,68,23,68,63,17,46,23,48,48,39,58,
2006-11-07T15:00:00-08:00,2006-11-07,30964,850,10,1870709,1691256,61919231,,51,55,70,66,64,57,63,38,70,30,50,63,63,61,36,46,46,61,56,60,69,56,72,44,52,41,36,45,0,36,53,49,55,44,61,50,58,39,52,39,64,70,32,14,52,64,38,35,67,24,59,68,41,62,28,44,29,46,36,55,39,38,64,17,46,29,66,58,14,62,16,62,25,46,49,35,43,44,24,60,61,73,33,44,30,66,40,23,61,68,23,68,63,17,46,23,48,74,39,58,
2006-11-23T15:00:00-08:00,2006-11-23,31841,881,18,1870709,1712827,63678259,,51,55,70,66,64,57,63,38,75,30,50,63,63,61,36,46,46,61,56,60,69,61,72,44,52,41,36,45,0,36,53,49,55,44,61,50,58,39,52,39,64,70,32,14,52,64,38,35,67,24,59,68,41,66,28,44,29,46,36,55,39,38,64,17,46,29,66,58,14,75,16,62,25,46,49,35,43,44,24,60,61,73,33,44,30,66,40,23,61,62,23,68,63,67,46,23,48,62,39,58,
2006-12-09T15:00:00-08:00,2006-12-09,32744,899,19,1870709,1732500,65477341,,51,55,70,66,64,57,63,38,75,30,50,63,63,61,36,76,46,61,56,74,69,61,72,44,52,41,36,45,0,36,53,49,55,44,61,50,58,39,52,39,64,70,32,14,52,64,38,35,67,24,59,68,41,66,28,44,29,46,36,55,39,38,64,17,46,29,66,58,14,75,16,62,25,46,49,35,43,44,24,60,61,73,33,44,30,66,40,23,61,46,23,68,63,67,46,23,48,62,39,58,
2006-12-25T15:00:00-08:00,2006-12-25,33626,868,10,1870709,1751064,67233187,,51,55,75,66,64,57,63,38,75,30,50,63,63,61,36,76,46,61,56,74,69,61,72,44,52,41,36,45,0,36,53,49,55,44,61,50,58,39,52,49,64,70,78,44,52,70,38,35,67,24,59,68,41,66,28,44,29,46,36,55,39,38,64,17,46,29,66,58,14,75,16,62,25,46,49,35,43,44,24,60,61,67,33,44,30,66,40,23,61,46,23,68,63,67,46,23,48,62,39,58,
2007-01-10T15:00:00-08:00,2007-01-10,34605,971,7,1870709,1770310,69192709,,51,55,75,78,64,57,63,38,75,30,50,63,63,61,36,76,46,61,56,74,69,77,72,44,52,41,36,45,0,36,53,49,76,44,61,73,58,39,52,49,64,70,78,44,52,70,38,35,67,24,59,68,41,66,28,44,29,46,36,55,39,38,64,67,46,29,66,58,14,75,16,62,25,46,49,35,43,77,24,60,61,67,33,44,30,66,40,23,61,46,23,68,63,67,46,23,48,58,39,58,
2007-01-26T15:00:00-08:00,2007-01-26,35601,997,12,1870709,1790469,71195749,,51,55,75,78,64,57,63,38,75,30,50,63,81,61,36,76,46,61,56,74,69,80,72,44,52,41,36,45,0,36,53,49,76,44,61,73,58,39,52,49,64,70,77,44,52,70,38,35,67,24,59,68,41,66,28,44,29,46,36,55,39,38,64,67,46,29,66,58,14,75,16,62,25,46,49,35,43,73,24,60,61,67,59,44,30,66,40,23,61,46,23,68,63,67,46,23,48,58,39,58,
2007-02-11T15:00:00-08:00,2007-02-11,36596,990,11,1870709,1810002,73188445,,51,55,75,77,64,57,63,38,75,30,50,63,76,61,36,76,46,61,56,70,69,79,72,44,52,41,36,45,0,36,53,49,70,44,61,73,58,39,52,49,64,70,61,44,52,64,38,35,67,76,59,68,41,66,28,44,29,46,36,55,39,38,64,67,46,29,66,58,14,75,16,62,25,46,49,35,43,73,73,76,61,67,59,44,30,66,40,23,61,46,23,68,63,72,46,23,48,58,39,58,
2007-02-27T15:00:00-08:00,2007-02-27,37618,1018,13,1870709,1829374,75233123,,51,81,75,77,64,57,63,38,75,30,50,63,76,61,36,76,46,61,56,70,69,82,72,44,52,41,36,45,0,36,53,49,70,44,61,73,58,39,52,49,64,70,61,44,52,64,38,35,67,76,59,68,41,66,28,44,29,46,36,55,39,38,64,67,46,29,79,58,14,75,16,62,25,46,49,35,43,73,73,76,61,67,59,44,30,66,40,23,61,46,23,68,63,72,46,23,48,58,39,58,
2007-03-15T16:00:00-07:00,2007-03-15,38610,983,9,1870709,1847221,77206549,,51,81,75,77,64,83,63,38,75,30,50,63,76,61,83,76,46,61,56,70,69,82,72,44,52,41,36,45,0,36,53,49,70,44,61,73,58,39,52,49,64,70,61,44,52,64,38,35,67,76,59,68,41,66,28,44,65,46,36,55,39,38,64,67,46,29,79,58,14,75,16,62,25,46,49,35,43,73,73,76,61,67,59,44,30,66,40,23,61,46,23,68,63,72,46,23,48,58,39,58,
2007-04-01T15:00:00-07:00,2007-04-01,39668,1065,20,1870709,1865880,79329741,,51,81,75,77,84,83,63,38,75,30,50,63,76,61,83,76,46,61,56,70,69,82,72,44,52,41,36,45,0,82,53,49,70,44,61,73,58,39,52,49,64,70,61,29,52,64,38,35,67,76,59,68,41,66,28,56,65,46,36,55,29,38,64,67,46,29,79,58,14,75,42,62,25,46,49,35,43,73,64,76,61,67,59,44,30,66,40,23,61,46,23,68,63,72,46,23,48,58,39,58,
