Name,AtEventIndex,EdgeCount,EdgeDelete,Latency,AlgTimeSinceLast,CurrentRuntime
0,0,1,0,9313564,5722900,5873505
0,5,4,2,4427240,61908,16803563
0,75,57,19,110860,36288,22109738
0,367,190,178,326450,46231,24989826
0,1276,515,762,1189297,123698,26608817
0,2747,769,1979,1240975,109073,28681468
0,5196,1097,4100,2659970,175244,31130865
0,7372,1083,6290,5841838,818230,35509486
0,10581,1692,8890,2858552,246649,42569923
0,13695,1447,12249,7326968,248647,46482541
0,23064,6947,16118,16090018,520610,55182202
0,80511,39328,41184,55436510,46110113,120422635
0,185250,56345,128906,133681501,25163105,202624398
0,273455,38670,234786,129002436,4366341,342422337
0,342163,33427,308737,150067944,3509778,477224681
0,390861,23348,367514,110945692,2280714,633132897
0,430523,17585,412939,53436163,1955682,750912844
0,461497,14374,447124,40847994,1512578,810366711
0,486868,11929,474940,28486168,1337324,857341201
0,509511,11273,498239,26815872,1077589,891428434
0,530321,9520,520802,30281085,928368,923689870
0,546661,8218,538444,18449468,959731,959492964
0,560479,7022,553458,18767884,1216348,983868759
0,575805,7962,567844,17206405,732360,1007753011
0,589957,7037,582921,15964123,778246,1030707636
0,609807,10146,599662,20873683,974725,1052212570
0,627763,8710,619054,147456781,1073970,1079734744
0,642392,6783,635610,15461102,794476,1234511299
0,660330,10072,650259,16728612,859368,1257435721
0,678988,9217,669772,19299788,1039832,1282012715
0,697513,9614,687900,20316978,862784,1308732912
0,713320,7843,705478,18220182,731908,1336608988
0,730529,8635,721895,19903840,887144,1362502802
0,744616,7136,737481,17796930,642400,1389823062
0,758570,6541,752030,18709503,765346,1415362153
0,774352,9148,765205,19887602,792188,1442030001
0,800598,13248,787351,33158880,1176361,1470447814
0,818810,7040,811771,25920631,865276,1511232396
0,831215,6080,825136,15378423,715747,1544572664
0,849823,10113,839711,20604154,877497,1567756656
0,870063,10177,859887,24292843,1005146,1596131060
0,934837,38800,896038,83803246,3073638,1630609805
0,1049012,60614,988399,230536999,5334443,1727535078
0,1171912,71778,1100135,228206113,5619694,1972724906
0,1433915,148561,1285355,549192005,23560790,2234494058
0,1860375,260440,1599936,718121135,43240299,2838318076
0,2359147,233587,2125561,846657844,24591920,3596316588
0,2793462,220383,2573080,788747704,23250620,4482647637
0,3181664,206877,2974788,697347556,17910708,5306818649
0,3530207,170751,3359457,652271710,16706554,6040389919
0,3846031,141668,3704364,525772476,13925120,6724810472
0,4112027,135335,3976693,444318776,12130643,7282660212
0,4395730,148040,4247691,531458634,12393842,7761110399
0,4673426,139418,4534009,485495350,14433402,8330437047
0,4924419,125746,4798674,505577206,11730990,8850714860
0,5166505,118595,5047911,419366488,10554168,9390014826
0,5394236,116627,5277610,478628164,10034418,9846256364
0,5574214,91634,5482581,392091989,9059634,10361899455
0,5766014,102045,5663970,359547537,8530055,10923682346
0,5942431,95980,5846452,357553674,8295936,11317776465
0,6164091,103248,6060844,431026822,9964736,11713763569
0,6354634,98528,6256107,353614363,8076574,12179264394
0,6581095,127714,6453382,497831558,10259879,12570459436
0,6931836,203215,6728622,725007485,21331152,13118762874
0,7352328,217941,7134388,971531240,18930128,13894040431
0,8022285,352246,7670040,1307391351,107463457,15012241728
0,8655189,313001,8342189,1419331525,30524868,16388969544
0,9427913,386420,9041494,1853511791,39985261,17888072619
0,10118334,339241,9779094,1747481170,32636262,19817799762
0,10843811,354559,10489253,1616657719,53216731,21664261024
0,11473039,309749,11163291,1336024766,38550120,23368573580
0,11995525,232295,11763231,1270858746,24228627,24774881956
0,12500552,242023,12258530,1076041384,22168862,26116263313
0,12917788,196729,12721060,962812272,18358065,27259090229
0,13285555,173905,13111651,796855861,16635107,28286150593
0,13652379,186808,13465572,787717896,18308041,29151690933
0,14032133,191598,13840536,859023054,17962947,30006988469
0,14383443,173668,14209776,795085260,15247808,30931836378
0,14719444,161022,14558423,763446506,14307092,31793830547
0,15021796,141355,14880442,658060428,14611599,32624621452
0,15297810,143759,15154052,566557905,12656683,33348422324
0,15536370,111520,15424851,545940927,11519476,33979549834
0,15811160,129334,15681827,590401868,12978714,34591574846
0,16049114,112818,15936297,483279955,10621968,35246282355
0,16259247,106380,16152868,463741077,10391834,35794137317
0,16465838,112421,16353418,436002487,10219034,36324242265
0,16651539,87841,16563699,386187670,9081443,36825826933
0,16820087,88748,16731340,526194279,7651527,37276505507
0,16971530,72961,16898570,379719048,6993551,37867904999
0,17123628,84264,17039365,301789136,6751455,38313758537
0,17259991,60962,17199030,279582355,6151182,38681047139
0,17362874,34180,17328695,218222124,4447740,39024108592
0,17450361,46404,17403958,162723045,3694025,39304794455
0,17544175,46688,17497488,195090685,3979230,39531066138
0,17640480,44612,17595869,197174670,4069523,39790210721
0,17732193,42508,17689686,184006720,3945244,40054022322
0,17803823,33840,17769984,158344427,3116173,40301478965
0,17872506,30606,17841901,138826220,3151280,40523765265
0,17932471,29376,17903096,125574631,2580888,40726477077
0,17986495,25975,17960521,116995770,2384978,40915469983
0,18042415,24128,18018288,104620940,2415112,41097077132
0,18094784,29525,18065260,110506119,2440626,41264487929
0,18162463,28425,18134039,151099800,2861326,41437844192
0,18249763,36808,18212956,199042671,3694844,41653491115
0,18317996,30447,18287550,141817972,3373026,41920045676
0,18382186,32332,18349855,154881541,2747773,42125956183
0,18441447,30742,18410706,139532966,2720646,42344169189
0,18525187,31512,18493676,192565246,3612568,42550543684
0,18591548,35349,18556200,156854908,2822611,42806805558
0,18652541,32638,18619904,145025637,2792072,43027397961
0,18708915,31114,18677802,129804354,2416143,43236248758
0,18760718,23633,18737086,110725924,2220041,43432214641
0,18809334,23157,18786178,96756285,2164944,43606677812
0,18850485,20107,18830379,72877464,1762617,43766958448
0,18894241,20212,18874030,84625970,1874030,43902585718
0,18937994,23100,18914895,87919564,1890363,44050927387
0,18979399,20179,18959221,81268276,1859670,44210351012
0,19022863,21412,19001452,73200586,1881208,44354845255
0,19067601,23640,19043962,86440296,1995678,44492479905
0,19108874,22047,19086828,91784674,1899725,44646524881
0,19149573,20239,19129335,82224592,1755658,44802084439
0,19193457,23191,19170267,90440352,1875004,44948777223
0,19239686,20330,19219357,104724563,2005186,45108385009
0,19278691,19677,19259015,105604080,1799173,45280471770
0,19316950,17912,19299039,98233527,1669482,45451595783
0,19345575,12399,19333177,66254852,1335684,45617487948
0,19383661,17556,19366106,84014940,1819481,45747817360
0,19417184,17360,19399825,74454751,1462164,45898115016
0,19448744,14394,19434351,74257615,1364139,46038822538
0,19479822,17612,19462211,69235962,1705182,46180505833
0,19509913,14079,19495835,70917501,1309086,46314490061
0,19537891,14925,19522967,58570197,1250057,46449455819
0,19565459,13448,19552012,63725068,1247203,46571972801
0,19594544,15562,19578983,52797064,1284650,46699877085
0,19618502,11459,19607044,62070356,1037871,46816902112
0,19644047,12509,19631539,49289190,1242943,46943405444
0,19667469,11067,19656403,146011988,1037702,47058933403
0,19687789,9989,19677801,47155176,963495,47270532584
0,19719229,17617,19701613,73918459,1482650,47386124768
0,19746797,13793,19733005,65802714,1193752,47524088516
0,19772016,12865,19759152,66295309,1098942,47653841976
0,19801582,16861,19784722,62927455,1272068,47784502887
0,19839759,18074,19821686,81387153,1653761,47912262974
0,19874589,17682,19856908,86437813,1493007,48061726853
0,19905895,14576,19891320,71919280,1370728,48214192542
0,19932725,13239,19919487,74646866,1182049,48354487450
0,19944963,6314,19938650,28574369,558268,48493165031
0,19960147,7218,19952930,29741700,683694,48585838131
0,19975740,7887,19967854,34258546,707119,48679961798
0,20000781,16052,19984730,40966927,1179381,48783250218
0,20029210,12420,20016791,63871962,1248921,48889761635
0,20053152,11987,20041166,55163333,1051949,49017737454
0,20077886,12588,20065299,62066905,1119208,49138478986
0,20101944,11864,20090081,43217513,1048077,49265173290
0,20124850,11489,20113362,39757427,1115851,49374276363
0,20147745,11083,20136663,40704457,994358,49478375336
0,20169598,10794,20158805,37483831,966404,49583451650
0,20190830,10677,20180154,39333563,996706,49685341561
0,20211124,9749,20201376,38724206,902427,49789416711
0,20230904,9884,20221021,32593714,872274,49892297299
0,20251033,10056,20240978,30500945,955093,49989559377
0,20274282,11729,20262554,35526308,1026350,50084889133
0,20294747,10057,20284691,33698514,925204,50186373047
0,20315630,10056,20305575,33759988,977108,50284902618
0,20332826,8658,20324169,29772229,781453,50384176890
0,20348742,7571,20341172,23625826,804761,50479405402
0,20362327,6093,20356235,21145273,628658,50567602608
0,20375516,6735,20368782,21340699,664352,50653824507
0,20389204,6852,20382353,24451872,619764,50739659732
0,20403245,7163,20396083,21608640,662070,50829186492
0,20417147,7416,20409732,22304130,646924,50915860345
0,20432387,7846,20424542,20827721,706044,51003531381
0,20446795,6820,20439976,23382524,670207,51088814966
0,20458654,5213,20453442,22540814,540707,51183466903
0,20472880,7473,20465408,31969024,630283,51270744712
0,20490122,8503,20481620,31569581,774805,51366926777
0,20507907,8251,20499657,33685573,814070,51462787050
0,20525956,9248,20516709,32666777,819500,51561395280
0,20542398,8294,20534105,28769162,774025,51658871451
0,20561894,9971,20551924,40620485,886916,51752157744
0,20581991,10390,20571602,34602489,875990,51858588012
0,20603287,10768,20592520,38975839,1009900,51957793762
0,20626107,12366,20613742,40189335,1035300,52061566934
0,20654348,14574,20639775,45535528,1315968,52167306257
0,20684371,14607,20669765,54504386,1409181,52278022416
0,20714135,14961,20699175,57919290,1349378,52397745523
0,20750714,15150,20735565,79306835,1639555,52524554784
0,20781606,15077,20766530,52429212,1372050,52670553359
0,20809480,13802,20795679,52591993,1254388,52788113027
0,20836793,14247,20822547,45381458,1209456,52905548723
0,20864854,13839,20851016,54274907,1361815,53018285641
0,20888607,10825,20877783,44065548,1076188,53141816706
0,20912208,12330,20899879,130131341,1034446,53258856077
0,20938191,11617,20926575,51350845,1160498,53454275257
0,20960971,10877,20950095,45769602,1012647,53570724745
0,20982046,10914,20971133,41646686,962246,53681662877
0,21009932,14168,20995765,50935862,1343220,53788191434
0,21037692,13732,21023961,88778601,1237766,53905787471
0,21066339,13908,21052432,51988067,1262906,54066234613
0,21096824,15634,21081191,55139991,1478509,54183886015
0,21125691,14135,21111557,52004575,1282367,54304530480
0,21153358,14107,21139252,58022310,1213725,54421926564
0,21184542,15683,21168860,58471898,1464246,54546346369
0,21214065,14748,21199318,43970124,1388853,54683249663
0,21240501,13443,21227059,41649390,1184792,54792447706
0,21268095,13772,21254324,47234615,1348015,54903217628
0,21296413,14367,21282047,47473288,1287782,55021869997
0,21333621,20838,21312784,60234261,1606697,55135191351
0,21372540,19241,21353300,69774087,1716041,55263299442
0,21406865,16174,21390692,64325230,1535025,55399670351
0,21438689,17073,21421617,53522638,1511100,55530488037
0,21477426,20309,21457118,69717371,1709527,55650378715
0,21517638,20245,21497394,80848177,1750225,55787726446
0,21553535,17617,21535919,66803275,1731640,55934565701
0,21591204,19323,21571882,70378261,1625752,56068452022
0,21629001,18369,21610633,61448293,1809968,56205951335
0,21664150,16531,21647620,74107085,1558914,56335461442
0,21699650,18287,21681364,67802648,1768516,56475640349
0,21733354,16776,21716579,67493169,1620764,56610184001
0,21770646,18571,21752076,70711179,2141618,56752136500
0,21807347,17773,21789575,67848533,1969264,56894043422
0,21842974,17743,21825232,61904475,1754395,57030830435
0,21880609,18766,21861844,55012279,1830485,57158992837
0,21915467,16469,21898999,74442501,1819387,57289863003
0,21945628,14806,21930823,47536341,1482668,57441410259
0,21973319,13393,21959927,45105494,1412540,57555249173
0,22002221,14883,21987339,46328045,1503470,57668346392
0,22028289,12275,22016015,40478381,1414039,57780505613
0,22053781,12640,22041142,40280715,1343822,57886488153
0,22082069,14974,22067096,38423550,1418456,57992467838
0,22109552,13165,22096388,44371383,1453791,58096910748
0,22136832,13869,22122964,41401226,1413838,58207288138
0,22168365,16880,22151486,43502114,1612531,58314924856
0,22199242,14999,22184244,47015764,1589785,58424340832
0,22229196,15167,22214030,47005870,1464469,58537209498
0,22260250,15531,22244720,46327806,1601520,58650432898
0,22290104,15393,22274712,48201785,1555112,58763901855
